{
  "MEX": {
    "attack": 1.1175392610036432,
    "defense": 1.3245830721538918,
    "matches": 24
  },
  "RSA": {
    "attack": 0.8152784645452614,
    "defense": 0.756611899131588,
    "matches": 35
  },
  "KOR": {
    "attack": 1.12750271144623,
    "defense": 1.1192194986704236,
    "matches": 23
  },
  "CZE": {
    "attack": 0.9344326535569052,
    "defense": 0.9158331022457497,
    "matches": 25
  },
  "CAN": {
    "attack": 1.0802963232203424,
    "defense": 1.044917566768826,
    "matches": 24
  },
  "BIH": {
    "attack": 0.7701893016081449,
    "defense": 0.7401419892101656,
    "matches": 25
  },
  "QAT": {
    "attack": 0.8483719085137685,
    "defense": 0.7335003339019025,
    "matches": 36
  },
  "SUI": {
    "attack": 1.1069453978298975,
    "defense": 1.010406466315899,
    "matches": 25
  },
  "BRA": {
    "attack": 1.2443186201127339,
    "defense": 1.2086047558356954,
    "matches": 24
  },
  "MAR": {
    "attack": 1.1278975223259404,
    "defense": 1.3571937378546968,
    "matches": 33
  },
  "HAI": {
    "attack": 0.7370177026216436,
    "defense": 0.6896966332508424,
    "matches": 27
  },
  "SCO": {
    "attack": 0.9467448321587857,
    "defense": 0.9709978025779606,
    "matches": 23
  },
  "USA": {
    "attack": 1.1662223845364308,
    "defense": 1.0923542953831715,
    "matches": 23
  },
  "PAR": {
    "attack": 0.7757805910344552,
    "defense": 0.8909217002193528,
    "matches": 23
  },
  "AUS": {
    "attack": 1.0013372754695027,
    "defense": 1.2030428189742686,
    "matches": 27
  },
  "TUR": {
    "attack": 0.9978708770186959,
    "defense": 0.9516401585412877,
    "matches": 27
  },
  "GER": {
    "attack": 1.422286029685122,
    "defense": 1.2034241133236787,
    "matches": 22
  },
  "CUW": {
    "attack": 0.6918694018312611,
    "defense": 0.6880068453395651,
    "matches": 26
  },
  "CIV": {
    "attack": 0.9374214944739749,
    "defense": 1.017695820072967,
    "matches": 32
  },
  "ECU": {
    "attack": 0.746849418719889,
    "defense": 1.1737979487538424,
    "matches": 23
  },
  "NED": {
    "attack": 1.2847456248800488,
    "defense": 1.138690233995531,
    "matches": 29
  },
  "JPN": {
    "attack": 1.1781331625332636,
    "defense": 1.1736572455402876,
    "matches": 25
  },
  "SWE": {
    "attack": 1.1607538241548454,
    "defense": 0.9440945286035107,
    "matches": 21
  },
  "TUN": {
    "attack": 0.7974004521828285,
    "defense": 0.851387465946279,
    "matches": 30
  },
  "BEL": {
    "attack": 1.0941309936793049,
    "defense": 1.0334193587134468,
    "matches": 27
  },
  "EGY": {
    "attack": 0.886679038490427,
    "defense": 0.9529510316064235,
    "matches": 36
  },
  "IRN": {
    "attack": 0.9666558706226006,
    "defense": 0.9990645634514229,
    "matches": 26
  },
  "NZL": {
    "attack": 0.7624732660287078,
    "defense": 0.8379523476748557,
    "matches": 19
  },
  "ESP": {
    "attack": 1.4487102395563505,
    "defense": 1.2800663251427538,
    "matches": 30
  },
  "CPV": {
    "attack": 0.7738438004564544,
    "defense": 0.7927772557835339,
    "matches": 29
  },
  "KSA": {
    "attack": 0.7899660536649268,
    "defense": 0.9014028298512703,
    "matches": 36
  },
  "URU": {
    "attack": 0.9930653069958113,
    "defense": 1.171130267089107,
    "matches": 25
  },
  "FRA": {
    "attack": 1.3207018081231752,
    "defense": 1.325968295467172,
    "matches": 28
  },
  "SEN": {
    "attack": 1.134897355912404,
    "defense": 1.111374867734915,
    "matches": 29
  },
  "IRQ": {
    "attack": 0.802163398176416,
    "defense": 0.8283271522329798,
    "matches": 37
  },
  "NOR": {
    "attack": 1.3374814408058402,
    "defense": 0.9754943672304669,
    "matches": 20
  },
  "ARG": {
    "attack": 1.3529091802808222,
    "defense": 1.3345312527485345,
    "matches": 25
  },
  "ALG": {
    "attack": 1.0062640246311205,
    "defense": 0.8674903666537159,
    "matches": 32
  },
  "AUT": {
    "attack": 1.1162422819245552,
    "defense": 1.0045814336360201,
    "matches": 26
  },
  "JOR": {
    "attack": 0.9789516071664921,
    "defense": 0.8903805829152192,
    "matches": 30
  },
  "POR": {
    "attack": 1.2613053482786847,
    "defense": 1.1400877328426346,
    "matches": 28
  },
  "COD": {
    "attack": 0.8489285822967623,
    "defense": 0.9865738099365808,
    "matches": 31
  },
  "UZB": {
    "attack": 0.8211638870152034,
    "defense": 1.0854870588984828,
    "matches": 26
  },
  "COL": {
    "attack": 1.1540673080802353,
    "defense": 1.0518945875500298,
    "matches": 24
  },
  "ENG": {
    "attack": 1.3183806772983708,
    "defense": 1.3576470794015467,
    "matches": 26
  },
  "CRO": {
    "attack": 1.0118983665389514,
    "defense": 1.0903070646409918,
    "matches": 27
  },
  "GHA": {
    "attack": 0.8079096329930043,
    "defense": 0.7717697912996692,
    "matches": 23
  },
  "PAN": {
    "attack": 0.9483311720699186,
    "defense": 0.8173725324213243,
    "matches": 36
  }
}